{"cameraMode":{"drawMode":0,"name":"Shaded","section":"Shading Mode"},"sceneLighting":true,"audioPlay":false,"sceneViewState":{"showFog":true,"showMaterialUpdate":false,"showSkybox":true,"showFlares":true,"showImageEffects":true,"showParticleSystems":true},"in2DMode":false,"pivot":{"x":-0.14498566091060639,"y":0.46194514632225039,"z":0.3285093903541565},"rotation":{"x":-0.07353493571281433,"y":0.21137917041778565,"z":-0.01595032960176468,"w":-0.9745035171508789},"size":0.17486858367919923,"orthographic":false}